iklan_id,mobil_iklan_id,penjual_iklan_id,judul_iklan,tanggal_posting
1,35,15,Dolore assumenda odio hic.,2022-03-04
2,48,5,Cum veritatis beatae ab.,2021-04-28
3,36,24,Ea magnam aliquam ullam.,2021-05-19
4,17,10,Repellendus omnis neque eos.,2022-01-01
5,32,37,Nemo placeat impedit quaerat.,2021-04-20
6,49,47,Corrupti rem excepturi doloribus.,2021-05-20
7,30,14,Fugiat velit rem tempora.,2022-02-09
8,26,44,Qui nostrum voluptates ducimus.,2022-03-19
9,3,49,Saepe necessitatibus ex deleniti.,2021-06-05
10,6,48,Esse quam illo illum.,2022-04-05
11,24,5,Aspernatur ex cum corporis.,2021-10-24
12,18,12,Inventore doloribus error recusandae.,2021-07-26
13,29,6,Cupiditate iusto exercitationem blanditiis.,2021-12-20
14,33,44,Sint accusantium at ex.,2021-10-24
15,10,49,Nisi qui dolor dolores.,2021-09-29
16,36,24,Sunt corrupti voluptates nesciunt.,2021-09-03
17,32,37,Maiores animi dolorem esse.,2021-12-01
18,36,24,Molestiae tempora nulla excepturi.,2021-09-12
19,41,22,Nihil totam architecto iste.,2022-02-09
20,37,28,Voluptatem temporibus minima accusamus.,2021-07-13
21,48,5,Temporibus aliquid voluptas sequi.,2022-01-11
22,2,38,Quibusdam ullam doloribus voluptas.,2021-09-05
23,44,32,Officia doloribus veniam quis.,2021-12-11
24,45,21,Laboriosam adipisci beatae illo.,2022-01-15
25,18,12,Sint et minus illo.,2021-11-23
26,20,50,Aut earum ad fugit.,2022-03-03
27,24,5,Excepturi optio et occaecati.,2022-04-08
28,11,28,A deserunt suscipit vel.,2021-09-28
29,11,28,Ipsa nisi laboriosam labore.,2021-10-01
30,9,47,Alias doloremque voluptatibus qui.,2021-06-26
31,12,16,Sunt necessitatibus a voluptas.,2021-09-23
32,2,38,Neque id provident odit.,2021-06-11
33,20,50,Officiis tempora dolorem necessitatibus.,2022-03-05
34,21,45,Voluptatem suscipit excepturi accusamus.,2021-08-21
35,30,14,Alias sit distinctio quae.,2021-12-07
36,30,14,Id quo expedita ipsum.,2021-11-18
37,19,4,Natus architecto nihil aliquam.,2021-08-20
38,4,44,Numquam quis dolor ex.,2021-05-05
39,10,49,Fugit tempore ad fugiat.,2022-01-23
40,19,4,Veniam debitis blanditiis neque.,2021-10-09
41,6,48,Nemo eveniet pariatur accusantium.,2022-02-04
42,1,40,Earum perspiciatis nulla laborum.,2021-06-04
43,8,48,Eos sequi magnam incidunt.,2022-03-20
44,39,13,Optio delectus quaerat quia.,2021-09-14
45,44,32,Commodi est illum nemo.,2021-06-23
46,18,12,Tenetur molestiae voluptatibus sequi.,2021-08-24
47,27,35,Magni doloremque unde cum.,2022-02-27
48,48,5,Minus hic soluta quidem.,2022-01-30
49,31,15,Doloremque molestiae excepturi corporis.,2021-10-08
50,32,37,Nesciunt minima dolor quibusdam.,2021-12-31
